number,statement,support_level
0,My computer is displaying a blue screen error.,1
1,I'm unable to access a specific application.,1
2,The internet connection is intermittent.,1
3,I accidentally clicked on a suspicious link. What should I do?,1
4,I need assistance with software installation on my machine.,1
5,There is a strange noise coming from my computer tower.,1
6,I received a security alert on my computer.,1
7,My computer is taking a long time to boot up.,1
8,I can't connect to the VPN.,1
9,I'm experiencing frequent system crashes.,1
10,I need access to a shared folder on the network.,1
11,My computer is not recognizing an external device.,1
12,I'm having issues with the performance of a specific software application.,1
13,I accidentally deleted an important folder. Can it be recovered?,1
14,I'm getting a disk space full warning.,1
15,The printer is not responding.,1
16,I need help configuring email on my mobile device.,1
17,My computer is not updating to the latest software version.,1
18,I suspect my computer has malware.,1
19,I'm having trouble with a software license activation.,1
20,"The computer is overheating, and the fan is noisy.",1
21,I can't access a shared printer on the network.,1
22,There's a problem with my email synchronization.,1
23,I need assistance with a complex Excel formula.,1
24,The software is displaying an 'access denied' message.,1
25,My computer is not recognizing the second monitor.,1
26,I accidentally closed an important document without saving. Can it be recovered?,1
27,The mouse or keyboard is not working after a recent update.,1
28,I need help setting up a new user account on the network.,1
29,I'm experiencing issues with a software plugin.,1
30,The computer is not connecting to a specific Wi-Fi network.,1
31,I'm having trouble with a database query.,1
32,There's a problem with the graphics display on my computer.,1
33,I need assistance with a remote desktop connection.,1
34,My computer is experiencing random reboots.,1
35,I'm unable to print in color.,1
36,The software is giving me a licensing error.,1
37,I accidentally changed a critical system setting. How can I revert it?,1
38,My computer is not recognizing a newly installed hardware device.,1
39,I need help recovering a deleted email.,1
40,The browser is displaying certificate errors.,1
41,There's an issue with the company's intranet site.,1
42,I'm having trouble with a custom script in my workflow.,1
43,The computer is not connecting to a specific server on the network.,1
44,I need assistance with data migration.,1
45,I'm experiencing issues with a virtual machine.,1
46,The computer is not recognizing a newly installed software.,1
47,I need to restore a previous version of a file.,1
48,The software is not working after a recent update.,1
49,I'm having trouble with a specific software feature.,1
50,The computer is not recognizing a USB device.,1
51,I need assistance with data backup and recovery.,1
52,I'm getting a 'low disk space' warning on the server.,1
53,There's a problem with a scheduled task on my computer.,1
54,I'm having trouble accessing a secure website.,1
55,The computer is running slow after opening a large file.,1
56,I need help configuring a new email distribution list.,1
57,The laptop is not charging.,1
58,I'm experiencing issues with a software API integration.,1
59,The software is not responding to user inputs.,1
60,I need assistance with setting up a secure Wi-Fi connection.,1
61,The computer is not recognizing a specific peripheral device.,1
62,I'm having trouble with a software crash dump analysis.,1
63,There's an issue with the synchronization of files across devices.,1
64,I need help troubleshooting a connectivity issue with a network printer.,1
65,The computer is not recognizing a newly installed software update.,1
66,I'm experiencing issues with a custom software script.,1
67,There's a problem with a third-party software integration.,1
68,I accidentally changed a system configuration file. How can I fix it?,1
69,I'm having trouble with a software bug affecting my workflow.,1
70,The computer is not connecting to an external database.,1
71,I need assistance with configuring email encryption.,1
72,I'm experiencing issues with a specific web application.,1
73,The computer is not recognizing a newly installed peripheral device.,1
74,I need help with troubleshooting a network connectivity issue.,1
75,There's an issue with a specific browser extension.,1
76,I'm having trouble with a software compatibility error.,1
77,The computer is not recognizing a new software license.,1
78,I need assistance with a complex software configuration.,1
79,I'm experiencing issues with a specific software function.,1
80,The computer is not recognizing a newly installed hardware driver.,1
81,I'm having trouble with a software performance bottleneck.,1
82,There's an issue with a custom database query.,1
83,I accidentally closed a critical software process. How can I restart it?,1
84,I need help with configuring software for automatic updates.,1
85,The computer is not recognizing a specific software patch.,1
86,I'm experiencing issues with a software memory leak.,1
87,There's an issue with the synchronization of calendar events.,1
88,I accidentally changed a network configuration setting. How can I undo it?,1
89,I'm having trouble with a software localization error.,1
90,The computer is not recognizing a new software feature.,1
91,I need assistance with configuring a software firewall.,1
92,I'm experiencing issues with a software script execution.,1
93,There's an issue with a specific software plugin integration.,1
94,I accidentally deleted a critical system file. How can I restore it?,1
95,I need help with troubleshooting a server performance issue.,1
96,I'm having trouble with a software script deployment.,1
97,The computer is not recognizing a newly installed software tool.,1
98,I need assistance with a complex software upgrade.,1
99,I'm experiencing issues with a specific software API endpoint.,1
100,I forgot my password.,0
101,How do I reset my password?,0
102,My computer is running slow.,0
103,I can't find my files.,0
104,How do I connect to the Wi-Fi?,0
105,My email isn't working.,0
106,I'm having trouble printing.,0
107,The computer won't turn on.,0
108,I need help installing software.,0
109,What is my username?,0
110,I accidentally deleted a file. Can it be recovered?,0
111,My computer is making a strange noise.,0
112,How do I set up my out-of-office email reply?,0
113,My monitor/display is not working.,0
114,I can't access a website.,0
115,How do I update my software?,0
116,My mouse or keyboard isn't working.,0
117,What is the company's IT policy?,0
118,I need assistance with email attachments.,0
119,My computer froze. What should I do?,0
120,How do I set up a meeting on Microsoft Teams?,0
121,I need help connecting to a VPN.,0
122,What is my email address?,0
123,My computer is overheating.,0
124,How do I empty the recycle bin?,0
125,I need to change my password for security reasons.,0
126,I accidentally closed all my browser tabs. Can I recover them?,0
127,How do I update my email password on my mobile device?,0
128,My keyboard shortcuts are not working.,0
129,Can you recommend a good password manager?,0
130,I'm having trouble with the audio on my computer.,0
131,How do I set up a new email account?,0
132,My computer is not recognizing my external hard drive.,0
133,I'm getting a pop-up message on my screen. Is it a virus?,0
134,How do I clear my browser cache?,0
135,I need assistance with two-factor authentication.,0
136,The fonts on my computer look weird.,0
137,How do I create a strong password?,0
138,My computer is not connecting to the printer.,0
139,What is the process for requesting IT support?,0
140,I can't log in to my computer.,0
141,What is the default password?,0
142,My internet is not working.,0
143,How do I access the shared drive?,0
144,I'm having trouble with my email signature.,0
145,Can you help me set up my printer?,0
146,What antivirus software should I use?,0
147,My computer is showing an error message.,0
148,My computer screen is flickering.,0
149,What is the IT support phone number?,0
150,I can't find the software I need on the network.,0
151,The date and time on my computer are incorrect.,0
152,I'm locked out of my account.,0
153,My computer won't shut down.,0
154,I can't find the application I need on my computer.,0
155,How do I set up my email on my mobile device?,0
156,My computer is not recognizing the USB drive.,0
157,What is the process for ordering new equipment?,0
158,I accidentally moved a file. How can I locate it?,0
159,My computer is running out of storage space.,0
160,How do I set up an email filter?,0
161,I need help configuring my screensaver.,0
162,The computer is not connecting to the projector for the presentation.,0
163,How do I update my profile picture in the system?,0
164,My mouse pointer is moving erratically.,0
165,Can you recommend a good backup solution?,0
166,I need assistance with setting up a new software tool.,0
167,What are the guidelines for remote access to the company network?,0
168,My computer is not recognizing my webcam.,0
169,How can I access my work email from home?,0
170,The icons on my desktop are rearranged. How can I fix that?,0
171,How do I create a distribution list in Outlook?,0
172,My computer is making a beeping noise. What does it mean?,0
173,How do I set up an automatic out-of-office reply?,0
174,I need help organizing my email folders.,0
175,The printer is printing blank pages. What should I do?,0
176,What is the process for updating my software licenses?,0
177,I accidentally uninstalled a program. Can I reinstall it?,0
178,How do I set up a virtual meeting using Zoom?,0
179,My computer is not connecting to the external monitor.,0
180,What are the password requirements for our network?,0
181,How do I clear my browser history?,0
182,I can't do it on my own,1
183,I still couldn't fix it after multiple tries,1
184,Thank you for the help,2
185,Thanks for your support,2
186,I appreciate your assistance,2
187,Grateful for your guidance,2
188,Many thanks for your aid,2
189,Thanks a bunch for helping out,2
190,Thank you so much for your help,2
191,Expressing gratitude for your support,2
192,Thanks a million for your assistance,2
193,Appreciate your help and kindness,2
194,Thanking you for the support provided,2
195,You've been a tremendous help—thank you,2
196,I'm thankful for your assistance,2
197,Thanks a lot for your support,2
198,Gratitude for your guidance and help,2
199,Many thanks for your thoughtful assistance,2
200,Thanks a bunch for being so helpful,2
201,Thank you sincerely for your support,2
202,Appreciate your timely assistance,2
203,A big thank you for your help,2
204,Thanks for being there when I needed help,2
205,Thank you for your invaluable support,2
206,Deeply grateful for your assistance,2
207,Thanks a million for your kind help,2
208,Appreciate your generous support,2
209,Thank you for going above and beyond to help,2
210,Heartfelt thanks for your assistance,2
211,You've been a lifesaver—thank you,2
212,Thanks a bunch for your continued support,2
213,Grateful for your unwavering help,2
214,Many thanks for your outstanding assistance,2
215,Thank you sincerely for your generosity,2
216,I appreciate your support and understanding,2
217,Thanks a million for your exceptional help,2
218,Appreciate your consistent assistance,2
219,Thank you for your invaluable guidance,2
220,Grateful for your patience and support,2
221,Thanks a bunch for your reliable help,2
222,Thank you so much for your continued assistance,2
223,Expressing gratitude for your unwavering support,2
224,Many thanks for your kindness and help,2
225,Thanking you for your exceptional support,2
226,I appreciate your ongoing assistance,2
227,Thanks a million for your constant help,2
228,Appreciate your enduring support,2
229,Thank you for your exceptional guidance,2
230,Grateful for your consistent help,2
231,Thanks a bunch for your invaluable assistance,2
232,Thank you sincerely for your continued support,2
233,I appreciate your reliable assistance,2
234,Many thanks for your exceptional support,2
235,Thanking you for your unwavering help,2
236,Thanks a million for your continuous assistance,2
237,Appreciate your outstanding support,2
238,Thank you for your continued guidance,2
239,Grateful for your unwavering assistance,2
240,Thanks a bunch for your exceptional help,2
241,Thank you so much for your reliable support,2
242,Expressing gratitude for your consistent assistance,2
243,Many thanks for your invaluable help,2
244,Appreciate your ongoing support,2
245,Thank you for your enduring assistance,2
246,Grateful for your constant help,2
247,Thanks a bunch for your exceptional support,2
248,Thank you sincerely for your continued help,2
249,I appreciate your reliable support,2
250,Many thanks for your continuous assistance,2
251,Thanking you for your outstanding help,2
252,Thanks a million for your enduring support,2
253,Appreciate your unwavering assistance,2
254,Thank you for your exceptional support,2
255,Grateful for your reliable help,2
256,Thanks a bunch for your continued assistance,2
257,Thank you so much for your exceptional help,2
258,Expressing gratitude for your invaluable support,2
259,Many thanks for your consistent help,2
260,Appreciate your unwavering assistance,2
261,Thanking you for your continuous support,2
262,Thanks a million for your exceptional assistance,2
263,Grateful for your outstanding help,2
264,Thank you sincerely for your reliable support,2
265,I appreciate your enduring assistance,2
266,Many thanks for your constant help,2
267,Appreciate your exceptional support,2
268,Thank you for your continued assistance,2
269,Grateful for your unwavering help,2
270,Thanks a bunch for your reliable support,2
271,Thank you so much for your exceptional assistance,2
272,Expressing gratitude for your ongoing help,2
273,Many thanks for your outstanding support,2
274,Appreciate your consistent assistance,2
275,Thanking you for your reliable help,2
276,Thanks a million for your continuous support,2
277,Grateful for your exceptional assistance,2
278,Thank you sincerely for your enduring support,2
279,I appreciate your unwavering help,2
280,Many thanks for your reliable assistance,2
281,Appreciate your exceptional support,2
282,Thank you for your outstanding assistance,2
283,Grateful for your continuous help,2
284,Thanks a bunch for your invaluable support,2
285, That did the trick!, 2
286, That resolved the issue., 2
287, That solved the problem., 2
288, That sorted it out., 2
289, That got things running smoothly., 2
290, That made everything click., 2
291, That fixed the glitch., 2
292, That patched things up., 2
293, That nailed it!, 2
294, That brought everything back to normal., 2
295, That got the job done., 2
296, That worked like a charm., 2
297, That hit the bullseye., 2
298, That was the perfect solution., 2
299, That resolved my dilemma., 2
300, That answered the call., 2
301, That was the magic touch., 2
302, That turned the tide., 2
303, That got me back on track., 2
304, That did wonders., 2
305, That was spot-on., 2
306, That worked wonders., 2
307, That was the breakthrough., 2
308, That did the magic., 2
309, That cracked the code., 2
310, That was the winning move., 2
311, That hit the mark., 2
312, That was the missing link., 2
313, That worked out brilliantly., 2
314, That was the winning formula., 2
315, That hit the sweet spot., 2
316, That was the key., 2
317, That hit the jackpot., 2
318, That worked out like a dream., 2
319, That was the silver bullet., 2
320, That worked like a miracle., 2
321, That was the golden solution., 2
322, That worked out flawlessly., 2
323, That was the masterstroke., 2
324, That nailed it down., 2
325, That was the game-changer., 2
326, That did the job perfectly., 2
327, That was the fix., 2
328, That worked out beautifully., 2
329, That was the right call., 2
330, That did the trick magnificently., 2
331, That was the stroke of genius., 2
332, That hit the nail on the head., 2
333, That worked like a masterpiece., 2
334, That was the perfect fix., 2
335, That patched up the issues., 2
336, That rectified the situation., 2
337, That put everything back in order., 2
338, That straightened things out., 2
339, That resolved all the glitches., 2
340, That fixed the bugs., 2
341, That got things back on track., 2
342, That repaired the damage., 2
343, That corrected the problem., 2
344, That alleviated the issues., 2
345, That resolved the technical hiccups., 2
346, That sorted out the mess., 2
347, That mended the breakdown., 2
348, That restored functionality., 2
349, That fixed the malfunction., 2
350, That remedied the situation., 2
351, That put an end to the troubles., 2
352, That repaired the breakdown., 2
353, That restored normalcy., 2
354, That fixed the hiccup., 2
355, That resolved the technical snag., 2
356, That patched up the glitches., 2
357, That corrected the malfunction., 2
358, That fixed the snag., 2
359, That resolved the technical difficulty., 2
360, That sorted out the technical issues., 2
361, That patched things up seamlessly., 2
362, That got everything back in working order., 2
363, That repaired the system., 2
364, That fixed the errors., 2
365, That sorted out the kinks., 2
366, That put an end to the glitches., 2
367, That corrected the faults., 2
368, That mended the technical issues., 2
369, That fixed the flaws., 2
370, That resolved the breakdown., 2
371, That restored the functionality., 2
372, That corrected the hitches., 2
373, That patched up the technical problems., 2
374, That got everything back to normal., 2
375, That repaired the bugs., 2
376, That resolved the malfunction., 2
377, That fixed the breakdown., 2
378, That sorted out the technical glitches., 2
379, That put an end to the technical hiccups., 2
380, That fixed the technical issues., 2
381, resolved the technical difficulties., 2
382, sorted things out., 2
383, got everything back on its feet., 2
384, made everything run smoothly., 2
385, handled the technical glitches., 2
386, tackled the issues., 2
387, ironed out the problems., 2
388, got the system back in shape., 2
389, brought everything back to order., 2
390, straightened out the technical mess., 2
391, addressed the technical challenges., 2
392, navigated through the issues., 2
393, put an end to the technical chaos., 2
394, fixed the hiccup in no time., 2
395, restored the system's harmony., 2
396, worked out the technical conundrum., 2
397, brought an end to the technical turmoil., 2
398, resolved the digital puzzle., 2
399, patched up the digital woes., 2
400, addressed the digital predicament., 2
401, navigated through the digital maze., 2
402, put an end to the digital confusion., 2
403, straightened out the digital mess., 2
404, fixed the digital hiccup., 2
405, restored digital harmony., 2
406, worked out the digital conundrum., 2
407, brought an end to the digital turmoil., 2
408, resolved the online challenges., 2
409, tackled the online issues., 2
410, handled the online glitches., 2
411, addressed the online predicament., 2
412, navigated through the online maze., 2
413, put an end to the online confusion., 2
414, straightened out the online mess., 2
415, fixed the online hiccup., 2
416, restored online harmony., 2
417, worked out the online conundrum., 2
418, brought an end to the online turmoil., 2
419, resolved the virtual challenges., 2
420, tackled the virtual issues., 2
421, handled the virtual glitches., 2
422, addressed the virtual predicament., 2
423, navigated through the virtual maze., 2
424, put an end to the virtual confusion., 2
425, straightened out the virtual mess., 2
426, fixed the virtual hiccup., 2
427, restored virtual harmony., 2
428, worked out the virtual conundrum., 2
429, brought an end to the virtual turmoil., 2
430, resolved the cyber challenges., 2
431, tackled the cyber issues., 2
432, handled the cyber glitches., 2
433, addressed the cyber predicament., 2
434, navigated through the cyber maze., 2
435, put an end to the cyber confusion., 2
436, straightened out the cyber mess., 2
437, fixed the cyber hiccup., 2
438, restored cyber harmony., 2
439, worked out the cyber conundrum., 2
440, brought an end to the cyber turmoil., 2
441, resolved the network challenges., 2
442, tackled the network issues., 2
443, handled the network glitches., 2
444, addressed the network predicament., 2
445, navigated through the network maze., 2
446, put an end to the network confusion., 2
447, straightened out the network mess., 2
448, fixed the network hiccup., 2
449, restored network harmony., 2
450, worked out the network conundrum., 2
451, brought an end to the network turmoil., 2
452, resolved the connectivity challenges., 2
453, tackled the connectivity issues., 2
454, handled the connectivity glitches., 2
455, addressed the connectivity predicament., 2
456, navigated through the connectivity maze., 2
457, put an end to the connectivity confusion., 2
458, straightened out the connectivity mess., 2
459, fixed the connectivity hiccup., 2
460, restored connectivity harmony., 2
461, worked out the connectivity conundrum., 2
462, brought an end to the connectivity turmoil., 2
463, resolved the software challenges., 2
464, tackled the software issues., 2
465, handled the software glitches., 2
466, addressed the software predicament., 2
467, navigated through the software maze., 2
468, put an end to the software confusion., 2
469, straightened out the software mess., 2
470, fixed the software hiccup., 2
471, restored software harmony., 2
472, worked out the software conundrum., 2
473, brought an end to the software turmoil., 2
474, resolved the application challenges., 2
475, tackled the application issues., 2
476, handled the application glitches., 2
477, addressed the application predicament., 2
478, navigated through the application maze., 2
479, put an end to the application confusion., 2
480, straightened out the application mess., 2
481, fixed the application hiccup., 2
482, restored application harmony., 2
483, worked out the application conundrum., 2
484, brought an end to the application turmoil., 2
485, resolved the hardware challenges., 2
486, tackled the hardware issues., 2
487, handled the hardware glitches., 2
488, addressed the hardware predicament., 2
489, navigated through the hardware maze., 2
490, put an end to the hardware confusion., 2
491, straightened out the hardware mess., 2
492, fixed the hardware hiccup., 2
493, restored hardware harmony., 2
494, worked out the hardware conundrum., 2
495, brought an end to the hardware turmoil., 2
496, resolved the device challenges., 2
497, tackled the device issues., 2
498, handled the device glitches., 2
499, addressed the device predicament., 2
500, navigated through the device maze., 2
501, put an end to the device confusion., 2
502, straightened out the device mess., 2
503, fixed the device hiccup., 2
504, restored device harmony., 2
505, worked out the device conundrum., 2
506, brought an end to the device turmoil., 2
507, resolved the server challenges., 2
508, tackled the server issues., 2
509, handled the server glitches., 2
510, addressed the server predicament., 2
511, navigated through the server maze., 2
512, put an end to the server confusion., 2
513, straightened out the server mess., 2
514, fixed the server hiccup., 2
515, The solution worked perfectly., 2
516, Issue resolved successfully., 2
517, Everything is back on track., 2
518, Problem fixed thanks a lot., 2
519, Worked wonders thank you., 2
520, Glitch sorted out effortlessly., 2
521, The fix was spot-on., 2
522, The resolution was effective., 2
523, The problem got sorted., 2
524, Nailed it with the solution., 2
525, Solved it like a pro., 2
526, Crisis averted thanks to your help., 2
527, Got my system back to normal., 2
528, Your assistance made a difference., 2
529, Everything is functioning again., 2
530, The fix resolved the issue., 2
531, Your guidance worked like magic., 2
532, Glitch fixed crisis avoided., 2
533, Smooth operation restored., 2
534, The remedy worked wonders., 2
535, Issue sorted out seamlessly., 2
536, The resolution was on point., 2
537, Your solution did the trick., 2
538, Everything is back in order., 2
539, Worked out the problem perfectly., 2
540, Thanks for the effective fix., 2
541, Your support brought relief., 2
542, Crisis resolved thanks to you., 2
543, The fix was a game-changer., 2
544, Glitch addressed successfully., 2
545, The resolution worked flawlessly., 2
546, Problem tackled thanks a ton., 2
547, The remedy was a success., 2
548, Everything is back to normalcy., 2
549, The fix hit the bullseye., 2
550, Issue handled with expertise., 2
551, Smooth sailing after your help., 2
552, The resolution hit the mark., 2
553, Crisis averted thanks to your support., 2
554, The fix resolved the technical hiccups., 2
555, Your guidance sorted out the mess., 2
556, The remedy mended the breakdown., 2
557, Functionality restored successfully., 2
558, The resolution remedied the situation., 2
559, Problem fixed and normalcy restored., 2
560, The remedy put an end to the troubles., 2
561, Glitch repaired successfully., 2
562, The resolution restored normalcy., 2
563, Your support fixed the malfunction., 2
564, The fix remedied the technical issues., 2
565, Everything is back to normal now., 2
566, The remedy resolved the technical difficulty., 2
567, Your assistance sorted out the technical issues., 2
568, The resolution patched things up seamlessly., 2
569, Problem solved with your guidance., 2
570, The remedy got everything back in working order., 2
571, Your support repaired the system., 2
572, Everything is back on track now., 2
573, The fix corrected the errors., 2
574, The resolution sorted out the kinks., 2
575, Crisis averted thanks to your expertise., 2
576, The remedy put an end to the glitches., 2
577, Glitch corrected successfully., 2
578, The resolution mended the technical issues., 2
579, Problem fixed and normalcy restored., 2
580, Your support resolved the breakdown., 2
581, The fix restored the functionality., 2
582, Everything is functioning seamlessly., 2
583, The remedy corrected the hitches., 2
584, Crisis averted thanks to your assistance., 2
585, The resolution patched up the technical problems., 2
586, Problem solved with your guidance., 2
587, The remedy got everything back to normal., 2
588, Your support repaired the bugs., 2
589, Everything is back on track now., 2
590, The fix resolved the malfunction., 2
591, The resolution fixed the breakdown., 2
592, Problem sorted out seamlessly., 2
593, Your assistance got things back in working order., 2
594, The remedy repaired the system., 2
595, Crisis averted thanks to your expertise., 2
596, The resolution corrected the errors., 2
597, Glitch addressed successfully., 2
598, Your support sorted out the kinks., 2
599, The fix put an end to the glitches., 2
600 Hi there! I forgot my password. Can you help me reset it? 0
601 Hello! I'm locked out of my account. How can I regain access? 0
602 Greetings! I can't remember my password. What should I do? 0
603 Hey! I need assistance with a password reset. Can you guide me through? 0
604 Hi! My password isn't working. Any advice on resolving this? 0
605 Good day! I'm having trouble logging in. Can you help me recover my account? 0
606 Hello I need to reset my password. Can you assist me with that? 0
607 Hi there! I can't access my account. How can I reset my password? 0
608 Greetings! I forgot my password. Can you provide support? 0
609 Hey! I'm locked out of my account. What steps should I take? 0
610 Hi! I need help with a password reset. Can you guide me through? 0
611 Good day! I can't remember my password. What should I do? 0
612 Hello! My password isn't working. Any advice on resolving this? 0
613 Hi there! I'm having trouble logging in. Can you help me recover my account? 0
614 Hey I need to reset my password. Can you assist me with that? 0
615 Greetings! I can't access my account. How can I reset my password? 0
616 Hello! I forgot my password. Can you help me reset it? 0
617 Hi there! I'm locked out of my account. How can I regain access? 0
618 Greetings! I can't remember my password. What should I do? 0
619 Hey! I need assistance with a password reset. Can you guide me through? 0
620 Hi! My password isn't working. Any advice on resolving this? 0
621 Good day! I'm having trouble logging in. Can you help me recover my account? 0
622 Hello I need to reset my password. Can you assist me with that? 0
623 Hi there! I can't access my account. How can I reset my password? 0
624 Greetings! I forgot my password. Can you provide support? 0
625 Hey! I'm locked out of my account. What steps should I take? 0
626 Hi! I need help with a password reset. Can you guide me through? 0
627 Good day! I can't remember my password. What should I do? 0
628 Hello! My password isn't working. Any advice on resolving this? 0
629 Hi there! I'm having trouble logging in. Can you help me recover my account? 0
630 Hey I need to reset my password. Can you assist me with that? 0
631 Greetings! I can't access my account. How can I reset my password? 0
632 Hello! I forgot my password. Can you help me reset it? 0
633 Hi there! I'm locked out of my account. How can I regain access? 0
634 Greetings! I can't remember my password. What should I do? 0
635 Hey! I need assistance with a password reset. Can you guide me through? 0
636 Hi! My password isn't working. Any advice on resolving this? 0
637 Good day! I'm having trouble logging in. Can you help me recover my account? 0
638 Hello I need to reset my password. Can you assist me with that? 0
639 Hi there! I can't access my account. How can I reset my password? 0
640 Greetings! I forgot my password. Can you provide support? 0
641 Hey! I'm locked out of my account. What steps should I take? 0
642 Hi! I need help with a password reset. Can you guide me through? 0
643 Good day! I can't remember my password. What should I do? 0
644 Hello! My password isn't working. Any advice on resolving this? 0
645 Hi there! I'm having trouble logging in. Can you help me recover my account? 0
646 Hey I need to reset my password. Can you assist me with that? 0
647 Greetings! I can't access my account. How can I reset my password? 0
648 Hello! I forgot my password. Can you help me reset it? 0
649 Hi there! I'm locked out of my account. How can I regain access? 0
650 Greetings! I can't remember my password. What should I do? 0
651 Hey! I need assistance with a password reset. Can you guide me through? 0
652 Hi! My password isn't working. Any advice on resolving this? 0
653 Good day! I'm having trouble logging in. Can you help me recover my account? 0
654 Hello I need to reset my password. Can you assist me with that? 0
655 Hi there! I can't access my account. How can I reset my password? 0
656 Greetings! I forgot my password. Can you provide support? 0
657 Hey! I'm locked out of my account. What steps should I take? 0
658 Hi! I need help with a password reset. Can you guide me through? 0
659 Good day! I can't remember my password. What should I do? 0
660 Hello! My password isn't working. Any advice on resolving this? 0
661 Hi there! I'm having trouble logging in. Can you help me recover my account? 0
662 Hey I need to reset my password. Can you assist me with that? 0
663 Greetings! I can't access my account. How can I reset my password? 0
664 Hello! I forgot my password. Can you help me reset it? 0
665 Hi there! I'm locked out of my account. How can I regain access? 0
666 Greetings! I can't remember my password. What should I do? 0
667 Hey! I need assistance with a password reset. Can you guide me through? 0
668 Hello 0
669 Hi 0
670 Greetings 0
671 Hey 0
672 Good day 0
673 How are you doing? 0
674 What's up? 0
675 Hey there! 0
676 Howdy! 0
677 What's new? 0
678 Hello, can you assist me? 0
679 Hi, I have a question. 0
680 Greetings, I need some help. 0
681 Hey, can you guide me? 0
682 Good day, I require assistance. 0
683 Hello, I'm here for help. 0
684 Hi, can you provide support? 0
685 Greetings, I have a query. 0
686 Hey, need your assistance. 0